insert into LIEU (ID_LIEU, LIBELLE, VILLE, RUE, NO_RUE, C_POSTAL, CAPACITE, HANDICAP_ACCESS) values (1, 'FB26GRICJFD8C5G2O3TVM', 'M5D7GV7VTN8E', 'UQES4Y2390E2S O3JSPVNBAN', 16, 5, 7, 11);

insert into LIEU (ID_LIEU, LIBELLE, VILLE, RUE, NO_RUE, C_POSTAL, CAPACITE, HANDICAP_ACCESS) values (2, 'GFR1QFX6JIHJ818GTTEESE9Y3E', 'WREXEDJA IIBDC5GEFUOWP', 'O6IO5L0XOSBLR08IK8IBYAX U5899D98U', 18, 10, 4, 12);


insert into CLIENT (ID_CLIENT, NOM, PRENOM, DATE_NAISSANCE, SOLDE) values (1, 'N0CRARWUR5NX37OO7BIWUXN40YUQUIXUSEBUJI BXAJ', 'LNAVMDVY4T47UYCDX1T4P5JIWA4YVD', '2017-6-17', 19);

insert into CLIENT (ID_CLIENT, NOM, PRENOM, DATE_NAISSANCE, SOLDE) values (2, 'STGSOBG7HHIJ0RBYANSWMITPBQMHAPBVR5QM5E58CUBIE', 'D91CYKQQHXFKXRDKA3YFBIHQDKMS9S', '2017-7-27', 6);

insert into EVENEMENT (ID_EVNT, ID_LIEU, NOM_EVNT, PRIX) values (1, 2, 'V6OO05DPJNXMNL66BHSGS0 Q4KGJ0SI', 15);

insert into EVENEMENT (ID_EVNT, ID_LIEU, NOM_EVNT, PRIX) values (2, 1, 'BEOROGKIU8V GP48DMDF', 1);


insert into GROUPE (ID_GROUPE, NOM_GROUPE, GENRE, DATE_CREATION) values (1, 'V9VRBTVWK4I2ABMMNSLGG6UK3NTJUP ', 'WXN6MVURUGH6WBWB4CMJ1K1I0TN8HFR31AAIK', '1997-3-18');

insert into GROUPE (ID_GROUPE, NOM_GROUPE, GENRE, DATE_CREATION) values (2, 'D7591J2OP0TUQW8EBASLGNIYAU', 'RM0KK2F8BCE5HBWTVEPAIE868891OI3W2HRTAHV', '1995-8-17');

insert into GROUPE (ID_GROUPE, NOM_GROUPE, GENRE, DATE_CREATION) values (3, 'VH9I7KFQAF7F7AXKUI', 'YJ83KRCRCMG3QC4D28RKWKBAIK4TVFB7JT4LW1', '1996-12-17');

insert into GROUPE (ID_GROUPE, NOM_GROUPE, GENRE, DATE_CREATION) values (4, 'PI915TTQUR9HG19FW34Y ', '8ULAPLFT8CFV6W0LH68C1RS', '2001-9-5');

insert into RESERVER (ID_CLIENT, ID_EVNT) values (1, 2);

insert into RESERVER (ID_CLIENT, ID_EVNT) values (2, 1);

insert into RESERVER (ID_CLIENT, ID_EVNT) values (1, 1);


insert into JOUER (ID_EVNT, ID_GROUPE) values (1, 1);

insert into JOUER (ID_EVNT, ID_GROUPE) values (1, 2);

insert into JOUER (ID_EVNT, ID_GROUPE) values (2, 1);

insert into JOUER (ID_EVNT, ID_GROUPE) values (2, 2);
